benchmark, tokens
arith/ecg, 31748
arith/pairing, 39447
arith/tiny_tate_bilinear_pairing, 44807
comm/ethmac, 147933
comm/i2c, 17344
comm/sdcard_mass_storage_controller, 42604
comm/sockit_owm, 7374
comm/xge_mac, 64430
crypto/sha3, 8022
crypto/tiny_aes, 12639
ecc/reed_solomon_decoder, 49115
mem/hpdmc, 56235
mem/sdr_ctrl, 57687
proc/openmsp430, 179179
vid/vga_lcd, 51906
